Commodity,Aluminum,Coal,Copper,Iron Ore,Lead,Natural Gas,Nickel,"Crude Oil ",Tin,Uranium,Zinc,Molybdenum,Cobalt,Gold,Silver,Palladium,"Platinum","Potassium Chloride ","Chromium","Lithium","Manganese","Rare Earth","Silicon","Vanadium"
Description,"99.5% minimum purity, LME spot price, CIF UK ports, US$ per metric ton"," Australian thermal coal, 12,000- btu/pound, less than 1% sulfur, 14% ash, FOB Newcastle/Port Kembla, US$ per metric ton","grade A cathode, LME spot price, CIF European ports, US$ per metric ton","China import Iron Ore Fines 62% FE spot (CFR Tianjin port), US dollars per metric ton","99.97% pure, LME spot price, CIF European Ports, US$ per metric ton","Natural Gas spot price at the Henry Hub terminal in Louisiana, US$ per Million Metric British Thermal Unit","melting grade, LME spot price, CIF European ports, US$ per metric ton","(petroleum), West Texas Intermediate 40 API, Midland Texas, US$ per barrel","standard grade, LME spot price, US$ per metric ton","NUEXCO, Restricted Price, Nuexco exchange spot, US$ per pound","high grade 98% pure, US$ per metric ton","57 to 63% purity contained in roasted molybdenum concentrate, LME spot price, USD/ton","minimum 99.80% purity, LME spot price, USD/ton","Fixing Committee of the London Bullion Market Association, London 3 PM fixed price, US$ per troy ounce","London Bullion Market Association, USD/troy ounce","LME spot price, USD/ troy ounce","LME spot price, USD/troy ounce","(Muriate of Potash) Standard Grade: FOB Vancouver Spot Price, USD/metric tonne","99.2%, coarse particle","Metal =99%, Battery Grade","Electro CIF NWE (US$/MT)","Carbonate REO 42-45 Dom.","Lumps CIF NWE (US$/MT)","Pentoxide CIF NWE"
1990M1,1528.00,38.00,2365.56,14.05,707.00,,7056.00,"22.60",6592.00,9.00,1294.00,,7630.00,409.82,5.25,135.41,"497.66",,,,,,,
1990M2,1454.00,38.00,2358.94,14.05,779.00,,6977.00,"22.20",6156.10,8.80,1394.00,,7660.00,417.18,5.29,135.44,"516.10",,,,,,,
1990M3,1567.00,38.00,2625.70,14.05,1059.00,,9267.00,"20.44",6270.50,8.80,1666.00,,8030.00,392.70,5.08,130.28,"497.06",,,,,,,
1990M4,1526.00,38.00,2685.23,14.05,835.00,,8939.00,"18.53",6390.90,8.65,1686.00,,8230.00,374.29,5.06,126.96,"478.15",,,,,,,
1990M5,1527.00,40.50,2740.34,14.05,825.00,,8698.00,"18.44",6324.60,9.35,1775.00,,8150.00,369.20,5.07,119.64,"488.55",,,,,,,
1990M6,1566.00,40.50,2583.81,14.05,837.00,,8422.00,"16.70",6096.00,11.00,1715.00,,8140.00,352.53,4.92,115.46,"481.11",,,,,,,
1990M7,1571.00,40.50,2769.00,14.05,875.00,,9318.00,"18.64",5924.40,11.60,1637.00,,9110.00,362.50,4.87,117.09,"478.79",,,,,,,
1990M8,1782.00,40.50,2956.40,14.05,875.00,,10957.00,"27.15",5905.20,11.45,1615.00,,11700.00,394.63,5.00,115.41,"492.73",,,,,,,
1990M9,2067.00,40.50,3040.17,14.05,838.00,,10844.00,"33.56",5707.00,10.50,1537.00,,12420.00,389.76,4.80,105.07,"461.66",,,,,,,
1990M10,1946.00,40.50,2742.55,14.05,760.00,,9145.00,"36.34",6061.40,8.50,1353.00,,13530.00,381.00,4.39,95.49,"424.95",,,,,,,
1990M11,1618.00,40.50,2583.81,14.05,700.00,,8587.00,"32.39",5981.30,9.50,1278.00,,12630.00,381.79,4.17,93.59,"422.24",,,,,,,
1990M12,1522.00,40.50,2484.61,14.05,624.00,,8158.00,"27.12",5615.20,9.70,1265.00,,13930.00,376.68,4.08,89.08,"420.07",,,,,,,
1991M1,1515.00,40.50,2447.13,15.03,600.00,1.43,8569.00,"24.96",5610.76,9.10,1206.00,,15690.00,383.70,4.05,86.77,"407.84",,,,,,,
1991M2,1505.00,40.50,2447.13,15.03,593.00,1.41,8672.00,"20.67",5582.10,9.50,1188.00,,14840.00,364.39,3.74,84.39,"386.79",,,,,,,
1991M3,1496.00,39.50,2409.65,15.03,602.00,1.36,8700.00,"19.87",5515.96,9.40,1199.00,,14840.00,362.76,3.95,86.42,"399.99",,,,,,,
1991M4,1392.00,39.50,2471.38,15.03,600.00,1.36,9023.00,"20.82",5557.85,9.00,1254.00,,14840.00,358.32,3.98,96.38,"396.88",,,,,,,
1991M5,1299.95,39.50,2340.42,15.03,559.82,1.34,8499.61,"21.27",5698.72,9.20,1127.74,,14330.00,356.96,4.05,95.30,"389.64",,,,,,,
1991M6,1283.55,39.50,2218.07,15.03,549.44,1.25,8296.50,"20.19",5709.30,9.00,1067.45,,13290.00,366.91,4.39,97.15,"376.06",,,,,,,
1991M7,1297.55,39.50,2231.26,15.03,549.59,1.15,8515.20,"21.41",5673.60,8.55,1063.41,,12880.00,367.79,4.35,94.49,"376.03",,,,,,,
1991M8,1259.69,39.50,2236.19,15.03,541.00,1.30,8154.75,"21.69",5647.72,8.25,1047.74,,13370.00,356.67,3.96,82.77,"346.35",,,,,,,
1991M9,1212.10,39.50,2318.58,15.03,538.95,1.47,7675.95,"21.88",5575.10,7.25,1025.60,,14960.00,348.74,4.04,81.95,"349.34",,,,,,,
1991M10,1152.95,39.50,2360.65,15.03,522.20,1.68,7453.86,"23.25",5550.09,7.25,991.65,,17625.00,358.81,4.12,85.28,"362.48",,,,,,,
1991M11,1134.93,39.50,2375.66,15.03,506.24,1.81,7258.50,"22.41",5514.45,7.50,1100.65,,24380.00,359.59,4.07,85.24,"365.11",,,,,,,
1991M12,1099.53,39.50,2205.92,15.03,531.37,1.85,7140.26,"19.47",5515.89,7.40,1185.08,,30580.00,361.53,3.95,82.38,"353.30",,,,,,,
1992M1,1181.23,39.50,2150.58,14.31,515.67,1.44,7531.14,"18.81",5483.09,8.75,1157.66,,30920.00,354.70,4.12,82.94,"341.19",,,,,,,
1992M2,1270.75,39.50,2208.89,14.31,505.75,1.18,7888.00,"19.07",5612.10,7.90,1135.48,,28250.00,353.78,4.15,85.42,"362.12",,,,,,,
1992M3,1282.02,39.50,2231.79,14.31,523.15,1.26,7430.46,"18.93",5637.05,7.75,1217.77,,28330.00,344.18,4.11,84.46,"356.94",,,,,,,
1992M4,1317.13,39.50,2214.17,14.31,533.26,1.39,7417.95,"20.24",5836.25,7.75,1304.95,,27020.00,338.69,4.05,83.31,"347.30",,,,,,,
1992M5,1306.71,39.50,2219.32,14.31,520.75,1.55,7333.95,"21.00",6113.16,7.55,1377.74,,26500.00,337.10,4.07,82.84,"358.59",,,,,,,
1992M6,1275.27,39.50,2296.44,14.31,551.02,1.59,7202.36,"22.41",6632.00,7.75,1385.41,,24750.00,341.02,4.06,80.64,"369.13",,,,,,,
1992M7,1314.35,39.50,2527.29,14.31,633.25,1.68,7516.17,"21.76",6980.50,7.75,1320.41,,21670.00,352.25,3.97,87.02,"383.12",,,,,,,
1992M8,1305.55,39.50,2513.47,14.31,655.28,1.91,7279.75,"21.37",6784.21,8.05,1363.40,,19630.00,342.89,3.82,85.53,"359.55",,,,,,,
1992M9,1270.21,39.50,2419.61,14.31,624.84,2.09,6918.57,"21.89",6643.33,8.75,1367.12,,18781.25,345.01,3.77,90.90,"362.14",,,,,,,
1992M10,1180.84,37.25,2262.46,14.31,540.45,2.42,6322.50,"21.71",6025.91,10.25,1158.36,,15350.00,344.89,3.75,94.69,"358.07",,,,,,,
1992M11,1162.21,35.00,2161.79,14.31,462.05,2.28,5593.71,"20.35",5735.71,10.50,1052.24,,16312.50,335.05,3.77,94.46,"356.11",,,,,,,
1992M12,1209.02,35.00,2211.95,14.31,456.70,2.21,5751.19,"19.45",5765.81,10.00,1061.48,,15875.00,334.81,3.73,106.63,"361.97",,,,,,,
1993M1,1208.10,35.00,2264.21,12.58,436.90,1.95,5948.10,"19.09",5913.10,9.80,1067.57,,15505.00,329.03,3.68,109.74,"359.14",,,,,,,
1993M2,1203.15,31.00,2212.18,12.58,415.00,1.74,6050.75,"20.08",5792.75,10.10,1073.63,,15958.33,329.30,3.66,110.60,"359.02",,,,,,,
1993M3,1150.48,31.00,2152.38,12.58,405.43,2.17,5974.91,"20.34",5666.30,10.20,996.76,,16125.00,330.10,3.65,106.51,"350.46",,,,,,,
1993M4,1110.28,31.00,1953.62,12.58,422.11,2.33,5987.50,"20.28",5596.50,10.35,1006.00,,15275.00,342.06,3.96,114.20,"368.01",,,,,,,
1993M5,1125.42,31.00,1799.35,12.58,407.66,2.14,5777.79,"19.99",5505.47,10.10,979.26,,14800.00,366.67,4.46,119.63,"385.16",,,,,,,
1993M6,1168.09,31.00,1857.87,12.58,397.06,1.97,5544.32,"19.12",5115.45,10.30,928.23,,13687.50,371.81,4.37,127.24,"383.02",,,,,,,
1993M7,1203.18,31.00,1927.34,12.58,389.64,2.05,5051.18,"17.88",4978.55,9.90,930.07,,12875.00,392.40,5.02,139.62,"403.65",,,,,,,
1993M8,1172.76,31.00,1951.07,12.58,389.88,2.32,4740.48,"18.00",4819.00,10.05,886.83,,12175.00,378.70,4.84,135.79,"391.90",,,,,,,
1993M9,1116.91,31.00,1858.25,12.58,376.34,2.25,4376.05,"17.53",4510.68,10.20,875.73,,12333.33,354.40,4.22,121.49,"362.46",,,,,,,
1993M10,1089.43,31.00,1647.00,12.58,386.07,2.04,4464.86,"18.17",4687.24,10.18,918.57,,12216.67,362.38,4.34,129.65,"367.91",,,,,,,
1993M11,1040.02,31.00,1632.57,12.58,401.64,2.30,4642.27,"16.69",4643.82,9.90,929.39,,11650.00,374.17,4.53,127.90,"374.41",,,,,,,
1993M12,1091.35,31.00,1723.63,12.58,460.38,2.12,5139.80,"14.51",4781.70,9.85,975.53,,13400.00,383.30,4.97,124.50,"383.17",,,,,,,
1994M1,1170.00,31.00,1807.07,11.45,491.40,2.38,5584.05,"15.01",4950.71,9.45,998.60,,20750.00,387.08,5.15,124.25,"387.80",,,,,,,
1994M2,1270.53,31.00,1865.08,11.45,484.45,2.74,5830.10,"14.77",5442.45,9.45,969.75,,21166.67,382.30,5.25,131.85,"394.02",,,,,,,
1994M3,1287.70,29.50,1913.17,11.45,451.09,2.13,5590.43,"14.65",5405.52,9.30,937.61,,24416.67,383.88,5.43,133.00,"400.28",,,,,,,
1994M4,1277.29,29.50,1881.37,11.45,440.42,2.04,5400.26,"16.35",5383.05,9.25,924.34,,24875.00,377.32,5.31,133.52,"397.90",,,,,,,
1994M5,1321.05,31.40,2144.50,11.45,475.86,1.93,6082.86,"17.83",5493.48,9.25,956.71,,23562.50,381.59,5.42,135.97,"398.01",,,,,,,
1994M6,1402.36,33.60,2363.09,11.45,524.48,1.96,6287.05,"19.01",5497.64,9.25,966.00,,24375.00,385.74,5.39,137.18,"401.09",,,,,,,
1994M7,1491.95,33.10,2447.24,11.45,579.05,1.90,6230.57,"19.62",5300.95,9.10,962.64,,23525.00,385.40,5.28,146.19,"411.95",,,,,,,
1994M8,1457.07,33.10,2409.75,11.45,570.57,1.63,5856.14,"18.38",5173.32,9.05,946.91,,22437.50,380.76,5.19,152.09,"412.19",,,,,,,
1994M9,1571.09,33.10,2504.84,11.45,612.95,1.48,6370.68,"17.44",5318.73,9.45,993.55,,25500.00,391.93,5.52,152.89,"417.28",,,,,,,
1994M10,1694.26,33.10,2546.02,11.45,640.64,1.52,6735.86,"17.66",5479.29,9.50,1059.55,,27333.33,389.59,5.46,154.59,"419.40",,,,,,,
1994M11,1885.89,33.10,2803.55,11.45,679.32,1.58,7474.55,"18.09",6139.09,9.60,1150.27,,26687.50,384.44,5.19,156.44,"412.37",,,,,,,
1994M12,1878.38,36.10,2980.70,11.45,634.38,1.69,8540.65,"17.21",5935.50,10.40,1112.75,,29250.00,379.40,4.78,153.73,"410.85",,,,,,,
1995M1,2059.36,37.10,3003.26,12.27,664.81,1.49,9596.19,"17.98",6187.62,10.78,1154.81,,30375.00,378.55,4.77,156.13,"413.90",,,,,,,
1995M2,1905.45,37.60,2870.45,12.27,577.80,1.52,8431.25,"18.54",5431.00,11.15,1030.68,,30000.00,376.51,4.72,156.79,"413.97",,,,,,,
1995M3,1799.98,38.35,2919.67,12.27,582.04,1.52,7522.39,"18.54",5516.30,11.80,1021.70,,28437.50,381.66,4.65,162.80,"416.89",,,,,,,
1995M4,1849.44,37.10,2894.89,12.27,605.78,1.63,7405.00,"19.76",5854.44,11.85,1059.14,,27937.50,391.04,5.50,169.37,"448.29",,,,,,,
1995M5,1765.48,38.77,2771.57,12.27,595.88,1.66,7262.38,"19.69",5924.52,11.90,1036.62,,29000.00,385.22,5.54,160.69,"437.35",,,,,,,
1995M6,1775.80,40.77,2987.68,12.27,610.27,1.63,7877.27,"18.42",6646.82,11.70,1007.77,,27850.00,387.49,5.36,158.45,"438.53",,,,,,,
1995M7,1867.28,41.05,3076.45,12.27,622.40,1.43,8618.00,"17.32",6640.75,11.70,1028.06,,27400.00,386.24,5.16,155.40,"433.63",,,,,,,
1995M8,1890.05,40.88,3040.14,12.27,623.39,1.53,8931.82,"18.03",6966.14,11.70,1015.48,,28812.50,383.70,5.39,149.67,"425.34",,,,,,,
1995M9,1761.72,40.93,2910.43,12.27,591.25,1.63,8397.25,"18.22",6333.75,11.85,988.03,,29045.00,383.22,5.43,143.33,"429.65",,,,,,,
1995M10,1671.95,40.97,2810.07,12.27,639.39,1.76,8068.86,"17.44",6209.55,11.85,980.43,,29187.50,383.07,5.37,136.67,"412.66",,,,,,,
1995M11,1655.93,39.59,2981.62,12.27,710.50,1.99,8498.10,"17.98",6381.67,11.85,1033.19,,30875.00,385.68,5.32,134.13,"413.13",,,,,,,
1995M12,1657.82,39.35,2918.21,12.27,728.03,2.67,8074.21,"19.05",6275.79,11.85,1017.16,,31675.00,387.56,5.18,131.44,"408.71",,,,,,,
1996M1,1584.48,39.37,2605.00,12.97,709.88,2.93,7870.71,"18.90",6257.14,12.20,1019.69,,31750.00,400.07,5.48,129.50,"415.48",,,,,,,
1996M2,1594.57,39.28,2544.67,12.97,768.43,3.83,8198.50,"19.08",6189.29,15.75,1035.83,,31125.00,404.48,5.65,139.27,"420.21",,,,,,,
1996M3,1614.86,39.01,2563.35,12.97,816.70,2.92,8046.40,"21.33",6205.25,15.75,1063.25,,29350.00,396.33,5.53,138.38,"411.19",,,,,,,
1996M4,1587.40,39.33,2594.17,12.97,812.03,2.25,8047.00,"23.53",6467.25,15.99,1043.95,,28375.00,393.14,5.41,136.50,"404.39",,,,,,,
1996M5,1593.86,38.20,2658.76,12.97,840.98,2.24,8042.86,"21.27",6401.90,16.38,1036.55,,28500.00,391.94,5.37,132.02,"401.42",,,,,,,
1996M6,1485.75,38.20,2177.60,12.97,796.58,2.49,7713.16,"20.44",6183.75,16.50,1009.40,,26062.50,385.27,5.16,129.63,"392.25",,,,,,,
1996M7,1460.02,38.40,1983.93,12.97,783.78,2.56,7202.61,"21.31",6245.52,16.50,1000.52,,22687.50,383.59,5.06,131.84,"393.66",,,,,,,
1996M8,1466.79,38.35,2017.86,12.97,816.17,2.04,7037.62,"21.93",6109.52,16.46,1007.95,,21400.00,387.47,5.13,126.80,"400.03",,,,,,,
1996M9,1405.76,38.10,1935.07,12.97,794.26,1.83,7329.81,"23.91",6093.71,16.15,998.98,,22150.00,382.96,5.04,121.46,"389.86",,,,,,,
1996M10,1336.02,37.60,1960.20,12.97,741.07,2.27,7028.70,"24.90",5933.09,15.74,1002.72,,21887.50,381.07,4.93,117.43,"384.18",,,,,,,
1996M11,1451.05,35.70,2215.43,12.97,720.29,3.08,6960.71,"23.71",5993.86,15.07,1044.31,,21400.00,378.52,4.83,117.02,"381.98",,,,,,,
1996M12,1500.98,35.35,2264.60,12.97,689.36,3.81,6571.05,"25.52",5826.24,14.76,1036.55,,21400.00,368.98,4.82,117.45,"370.70",,,,,,,
1997M1,1575.14,35.23,2427.27,13.04,691.52,3.28,7069.14,"25.20",5871.14,14.49,1086.14,,21687.50,355.20,4.77,121.09,"360.10",,,,,,,
1997M2,1582.05,34.60,2406.63,13.04,657.89,2.13,7736.58,"22.22",5874.32,13.81,1178.16,,21687.50,346.71,5.07,136.45,"365.01",,,,,,,
1997M3,1631.18,34.50,2420.18,13.04,693.55,1.89,7893.21,"20.97",5901.32,13.62,1254.34,,19925.00,351.81,5.20,148.38,"378.90",,,,,,,
1997M4,1561.11,35.40,2389.32,13.04,641.61,2.01,7313.14,"19.72",5707.59,12.83,1240.02,,22468.75,344.58,4.77,153.47,"371.08",,,,,,,
1997M5,1625.45,35.73,2513.30,13.04,617.85,2.22,7476.00,"20.85",5704.85,11.83,1310.13,,25375.00,343.70,4.76,169.49,"387.50",,,,,,,
1997M6,1567.19,34.50,2611.29,13.04,614.05,2.20,7060.00,"19.16",5560.29,10.94,1354.98,,23406.25,340.48,4.76,201.98,"430.76",,,,,,,
1997M7,1591.59,35.00,2449.20,13.04,633.50,2.17,6832.74,"19.63",5435.78,10.49,1517.02,,22562.50,324.09,4.37,187.55,"415.52",,,,,,,
1997M8,1710.03,36.93,2250.10,13.04,607.38,2.44,6764.45,"19.93",5423.30,10.39,1650.63,,23475.00,324.05,4.50,211.67,"424.55",,,,,,,
1997M9,1611.62,37.15,2104.31,13.04,632.88,2.85,6498.29,"19.78",5493.48,10.25,1638.29,,24525.00,324.48,4.73,190.48,"424.73",,,,,,,
1997M10,1607.33,37.15,2050.70,13.04,598.20,3.06,6373.48,"21.26",5556.52,11.28,1276.67,,23770.00,323.88,5.03,205.02,"423.12",,,,,,,
1997M11,1598.32,33.60,1918.50,13.04,562.60,2.93,6137.25,"20.07",5651.00,12.75,1171.15,,25412.50,305.35,5.08,207.90,"392.29",,,,,,,
1997M12,1530.52,31.40,1761.45,13.04,525.74,2.33,5942.38,"18.31",5506.19,12.50,1101.26,,25650.00,287.62,5.79,197.83,"365.42",,,,,,,
1998M1,1485.47,31.40,1687.60,13.41,530.65,2.11,5489.00,"16.75",5200.50,12.04,1096.25,,24995.00,289.50,5.88,223.74,"373.86",,,,,,,
1998M2,1465.18,33.44,1664.00,13.41,515.63,2.21,5367.25,"16.06",5236.50,11.38,1043.20,,24668.75,297.46,6.83,237.05,"386.08",,,,,,,
1998M3,1438.32,31.88,1747.16,13.41,558.98,2.22,5397.05,"15.02",5468.64,10.66,1046.75,,24958.33,295.95,6.24,262.52,"398.99",,,,,,,
1998M4,1417.55,31.18,1800.13,13.41,571.78,2.45,5391.00,"15.25",5707.00,10.75,1096.18,,24625.00,308.29,6.33,320.25,"413.75",,,,,,,
1998M5,1364.32,30.28,1731.66,13.41,542.74,2.15,5016.84,"14.85",5868.16,10.75,1060.37,,24500.00,298.98,5.56,353.81,"388.90",,,,,,,
1998M6,1305.52,30.00,1656.60,13.41,526.48,2.15,4456.90,"13.66",5967.86,10.75,1007.60,,24250.00,292.54,5.27,286.11,"355.43",,,,,,,
1998M7,1312.67,30.00,1655.67,13.41,543.64,2.19,4332.62,"14.10",5651.19,10.61,1043.50,,22820.00,292.75,5.46,306.43,"378.43",,,,,,,
1998M8,1310.55,26.20,1619.93,13.41,526.85,1.86,4078.00,"13.36",5690.26,10.50,1029.05,,21787.50,284.11,5.16,285.69,"369.18",,,,,,,
1998M9,1341.89,27.09,1646.77,13.41,519.45,1.96,4100.91,"14.93",5479.77,10.23,999.64,,20837.50,288.98,5.00,284.30,"361.15",,,,,,,
1998M10,1303.70,27.10,1585.50,13.41,493.20,1.93,3870.45,"14.39",5424.50,9.61,941.36,,17750.00,295.71,5.00,278.38,"342.60",,,,,,,
1998M11,1295.30,26.10,1573.72,13.41,493.02,2.10,4117.25,"12.78",5478.00,8.88,965.95,,15437.50,293.72,4.97,278.30,"347.18",,,,,,,
1998M12,1250.39,26.10,1475.76,13.41,500.61,1.72,3865.76,"11.27",5262.37,8.49,961.58,,11468.75,291.68,4.88,299.29,"351.79",,,,,,,
1999M1,1219.40,26.10,1432.00,11.93,491.63,1.85,4264.00,"12.44",5103.00,9.01,931.75,,10937.50,286.94,5.15,322.39,"355.11",,,,,,,
1999M2,1186.48,26.10,1412.95,11.93,512.95,1.78,4623.25,"12.00",5262.00,9.20,1017.60,,18083.33,287.66,5.53,350.56,"364.08",,,,,,,
1999M3,1179.86,26.10,1378.48,11.93,506.80,1.77,5002.95,"14.66",5292.95,10.44,1028.80,,18525.00,286.21,5.19,352.43,"369.93",,,,,,,
1999M4,1277.85,26.10,1463.73,11.93,517.08,2.11,5054.75,"17.31",5381.75,10.85,1018.18,,16350.00,282.62,5.07,360.01,"357.15",,,,,,,
1999M5,1323.13,26.10,1510.45,11.93,540.71,2.26,5395.79,"17.74",5643.16,10.73,1039.92,,16112.50,276.91,5.27,328.79,"356.01",,,,,,,
1999M6,1315.52,26.10,1422.16,11.93,495.45,2.31,5194.77,"17.89",5262.73,10.56,999.91,,20581.25,261.31,5.03,336.73,"356.78",,,,,,,
1999M7,1403.36,26.10,1639.18,11.93,495.11,2.30,5696.36,"20.05",5210.45,10.26,1071.23,,20100.00,256.69,5.18,332.70,"349.06",,,,,,,
1999M8,1421.69,26.10,1646.74,11.93,502.24,2.79,6431.43,"21.26",5224.29,10.11,1129.69,,19000.00,256.91,5.27,339.94,"350.06",,,,,,,
1999M9,1492.07,26.10,1749.68,11.93,506.50,2.60,7029.09,"23.80",5336.82,9.92,1192.93,,18350.00,264.31,5.23,361.63,"370.93",,,,,,,
1999M10,1473.33,25.60,1723.29,11.93,496.40,2.69,7317.62,"22.59",5425.24,9.76,1147.98,,15666.67,310.78,5.41,386.93,"421.14",,,,,,,
1999M11,1472.43,25.10,1726.77,11.93,477.57,2.33,7946.82,"25.08",5835.23,9.71,1146.39,,14000.00,293.18,5.16,400.91,"434.02",,,,,,,
1999M12,1554.74,25.10,1764.88,11.93,478.74,2.35,8073.24,"26.04",5719.12,9.64,1185.24,,14200.00,282.95,5.16,427.98,"439.13",,,,,,,
2000M1,1679.85,25.10,1843.85,12.45,471.88,2.40,8315.25,"27.22",5926.25,9.55,1178.58,,14437.50,284.07,5.19,452.62,"441.00",,,,,,,
2000M2,1679.43,25.10,1807.03,12.45,453.25,2.66,9583.75,"29.36",5669.00,9.39,1098.25,,14093.75,299.72,5.25,635.10,"519.71",,,,,,,
2000M3,1579.64,25.10,1739.80,12.45,441.84,2.78,10255.40,"29.89",5463.80,9.31,1113.00,,15225.00,286.92,5.06,664.35,"479.33",,,,,,,
2000M4,1458.75,25.10,1681.91,12.45,423.02,3.04,9746.50,"25.80",5398.05,9.14,1132.52,,16218.75,279.65,5.06,573.10,"497.55",,,,,,,
2000M5,1468.07,25.60,1785.10,12.45,412.61,3.59,10122.91,"28.83",5437.96,8.50,1154.07,,16543.48,276.74,4.99,572.22,"525.89",,,,,,,
2000M6,1509.37,25.60,1752.07,12.45,419.55,4.29,8384.32,"31.86",5461.18,8.23,1116.19,,14977.27,285.73,5.00,645.95,"559.73",,,,,,,
2000M7,1564.38,25.60,1803.14,12.45,453.10,3.99,8174.81,"29.98",5329.76,8.10,1135.91,,13071.43,281.59,4.97,703.52,"560.29",,,,,,,
2000M8,1530.33,25.60,1857.12,12.45,472.57,4.43,8038.43,"31.22",5314.35,7.96,1172.55,,13934.78,274.43,4.88,762.09,"577.61",,,,,,,
2000M9,1602.31,27.15,1961.89,12.45,488.05,5.06,8624.81,"33.86",5471.81,7.57,1221.67,,15029.76,273.53,4.89,728.52,"591.90",,,,,,,
2000M10,1501.25,27.15,1894.37,12.45,484.79,5.02,7650.64,"33.08",5266.45,7.40,1091.61,,16681.82,269.93,4.83,739.86,"579.72",,,,,,,
2000M11,1475.55,27.15,1795.60,12.45,465.88,5.52,7350.59,"34.56",5264.82,7.13,1058.68,,16000.00,266.30,4.68,784.14,"593.34",,,,,,,
2000M12,1569.06,30.75,1852.40,12.45,463.53,8.91,7318.80,"28.39",5227.40,7.14,1059.33,,16000.00,271.45,4.64,918.71,"609.50",,,,,,,
2001M1,1619.88,32.10,1787.06,12.99,478.54,8.17,6975.91,"29.48",5168.50,7.10,1032.70,,13500.00,265.49,4.66,1037.77,"620.47",,,,,,,
2001M2,1607.03,32.10,1766.13,12.99,501.71,5.55,6546.80,"29.58",5121.25,7.39,1021.58,,13900.00,262.09,4.55,971.60,"600.93",,,,,,,
2001M3,1512.17,32.60,1742.16,12.99,498.85,5.18,6165.18,"27.24",5049.64,7.69,1005.62,,14272.73,263.03,4.40,779.41,"584.23",,,,,,,
2001M4,1499.48,33.50,1665.97,12.99,477.59,5.18,6363.11,"27.45",4949.78,8.23,970.14,,14119.05,260.33,4.37,692.29,"594.86",,,,,,,
2001M5,1542.39,33.80,1684.85,12.99,466.08,4.20,7086.48,"28.61",4951.79,9.00,937.96,,10908.70,272.09,4.43,655.87,"610.70",,,,,,,
2001M6,1470.83,33.90,1610.47,12.99,444.73,3.73,6674.33,"27.60",4829.90,8.78,896.93,,10814.29,270.20,4.36,614.10,"579.72",,,,,,,
2001M7,1418.62,34.00,1526.77,12.99,462.15,3.11,5962.55,"26.44",4343.59,8.75,853.30,,10293.18,267.53,4.25,524.50,"530.84",,,,,,,
2001M8,1377.85,33.80,1466.41,12.99,483.63,2.95,5525.64,"27.47",3929.45,8.95,830.03,,9681.52,272.09,4.20,454.04,"451.70",,,,,,,
2001M9,1346.00,32.80,1427.70,12.99,464.81,2.19,5057.65,"26.21",3698.37,9.15,799.51,,9312.50,284.47,4.35,443.30,"457.90",,,,,,,
2001M10,1283.53,32.40,1377.38,12.99,468.58,2.47,4830.78,"22.21",3749.17,9.47,761.74,,8250.00,282.27,4.40,335.22,"431.39",,,,,,,
2001M11,1334.45,29.40,1434.29,12.99,486.71,2.36,5131.32,"19.58",4059.32,9.43,774.35,,8250.00,277.18,4.12,329.11,"429.89",,,,,,,
2001M12,1348.72,27.35,1472.85,12.99,482.91,2.42,5315.82,"19.32",4022.47,9.50,757.97,,7592.86,275.84,4.35,402.71,"461.73",,,,,,,
2002M1,1371.36,29.10,1508.23,12.68,511.09,2.26,6061.36,"19.61",3867.95,9.59,794.20,,6950.00,281.00,4.51,410.39,"472.11",,,,,,,
2002M2,1371.08,29.85,1561.37,12.68,480.93,2.31,6039.95,"20.78",3724.61,9.72,773.47,,6950.00,295.29,4.42,374.15,"471.15",,,,,,,
2002M3,1404.99,29.55,1607.39,12.68,480.68,3.03,6543.20,"24.51",3850.75,9.95,820.00,,6765.48,294.05,4.53,375.05,"512.05",,,,,,,
2002M4,1370.39,28.84,1588.57,12.68,472.09,3.43,6956.81,"26.27",4026.48,9.75,807.58,,6625.00,302.68,4.57,370.09,"539.20",,,,,,,
2002M5,1344.43,28.63,1597.02,12.68,450.39,3.50,6771.18,"27.00",4152.82,9.90,768.25,,6684.78,314.49,4.71,356.52,"533.85",,,,,,,
2002M6,1356.93,26.65,1650.59,12.68,439.98,3.23,7147.61,"25.52",4303.33,9.90,769.42,,6706.25,321.18,4.89,336.15,"554.70",,,,,,,
2002M7,1337.87,24.90,1588.28,12.68,446.03,2.99,7137.70,"26.93",4313.78,9.89,795.01,,6788.04,313.29,4.92,322.74,"526.20",,,,,,,
2002M8,1293.36,24.00,1482.92,12.68,424.33,3.09,6736.86,"28.38",3832.24,9.85,748.81,,6613.64,310.28,4.55,323.73,"544.84",,,,,,,
2002M9,1301.70,24.45,1478.93,12.68,420.54,3.55,6664.95,"29.63",3961.76,9.80,756.18,,6685.71,319.14,4.55,327.38,"556.33",,,,,,,
2002M10,1311.46,26.25,1486.17,12.68,418.25,4.13,6818.91,"28.85",4242.09,9.84,755.09,,6188.04,316.56,4.40,316.61,"580.20",,,,,,,
2002M11,1373.27,26.25,1581.04,12.68,441.44,4.06,7314.81,"26.32",4228.95,9.86,764.57,,6185.71,320.44,4.51,285.24,"588.10",,,,,,,
2002M12,1375.86,26.25,1592.96,12.68,441.21,4.75,7206.33,"29.55",4227.19,9.88,794.26,,6551.14,332.04,4.63,240.45,"595.44",,,,,,,
2003M1,1379.27,26.68,1650.31,13.82,444.83,5.46,8032.81,"32.91",4445.14,10.16,782.32,,13724.80,356.86,4.81,254.13,"627.91","92.63",,,,,,
2003M2,1421.54,26.95,1682.15,13.82,474.51,7.86,8607.90,"35.92",4572.20,10.10,785.64,,14426.48,358.97,4.65,253.25,"681.70","92.63",,,,,,
2003M3,1386.52,26.14,1655.69,13.82,454.71,5.94,8339.62,"33.22",4592.67,10.10,790.30,,16688.64,340.55,4.53,223.81,"674.33","92.63",,,,,,
2003M4,1334.29,25.13,1587.87,13.82,438.00,5.28,7930.53,"28.36",4561.20,10.10,756.73,,16924.46,328.18,4.49,161.50,"624.91","92.63",,,,,,
2003M5,1400.40,24.96,1651.10,13.82,462.33,5.81,8347.73,"28.22",4733.92,10.90,776.10,,17937.89,355.68,4.74,167.09,"650.36","92.63",,,,,,
2003M6,1410.52,25.82,1685.11,13.82,467.65,5.83,8839.02,"30.72",4677.86,10.90,790.64,,19538.03,356.35,4.53,179.52,"661.67","92.63",,,,,,
2003M7,1440.88,26.09,1712.83,13.82,513.34,5.03,8831.70,"30.75",4733.15,10.95,828.48,,19581.40,351.02,4.80,173.43,"681.52","92.63",,,,,,
2003M8,1457.23,27.13,1756.73,13.82,493.76,4.99,9359.88,"31.59",4802.48,11.24,815.19,,19234.44,359.77,4.99,182.12,"692.19","92.63",,,,,,
2003M9,1416.58,28.61,1789.67,13.82,520.96,4.62,9995.77,"28.45",4907.25,11.49,818.92,,18828.78,378.95,5.17,210.91,"705.25","92.63",,,,,,
2003M10,1477.22,29.46,1925.58,13.82,587.43,4.63,11040.28,"30.33",5227.43,12.37,900.08,,19552.10,378.92,5.00,201.11,"732.48","92.63",,,,,,
2003M11,1511.59,32.05,2053.28,13.82,622.66,4.49,12052.38,"30.96",5363.33,13.18,914.21,,25581.51,389.91,5.18,196.75,"760.38","94.18",,,,,,
2003M12,1557.78,36.43,2202.04,13.82,690.11,6.14,14185.21,"32.20",6058.41,13.35,976.76,,34005.51,406.95,5.62,198.55,"807.87","98.80",,,,,,
2004M1,1608.89,40.45,2421.48,16.39,753.56,6.15,15089.33,"34.15",6432.49,14.80,1015.89,,49222.59,413.79,6.32,215.94,"849.93","98.80",,,,,,
2004M2,1685.23,44.73,2751.72,16.39,885.15,5.38,15099.35,"34.72",6662.70,16.05,1085.79,,49818.73,404.88,6.44,235.44,"846.33","98.80",,,,,,
2004M3,1657.35,52.43,3000.28,16.39,878.14,5.40,13786.54,"36.76",7602.21,17.14,1101.80,,50171.15,406.67,7.23,269.66,"899.76","98.80",,,,,,
2004M4,1731.68,57.05,2926.98,16.39,747.03,5.72,12725.90,"36.72",8909.00,17.75,1028.91,,48601.61,403.26,7.05,296.93,"880.64","98.80",,,,,,
2004M5,1625.25,60.47,2728.46,16.39,804.09,6.34,11228.61,"40.27",9391.63,17.75,1030.96,,46839.23,383.78,5.85,246.40,"809.83","98.80",,,,,,
2004M6,1682.03,63.80,2689.05,16.39,863.73,6.27,13599.36,"38.04",9158.64,17.88,1018.84,,46214.59,392.37,5.86,228.82,"807.55","98.80",,,,,,
2004M7,1707.84,65.76,2816.80,16.39,931.34,5.94,15020.07,"40.69",9021.91,17.90,988.08,,45381.65,398.09,6.31,219.94,"809.52","98.80",,,,,,
2004M8,1692.07,63.48,2844.20,16.39,916.62,5.41,13639.62,"44.94",9021.43,17.90,976.77,,43829.22,400.51,6.66,215.10,"848.68","98.80",,,,,,
2004M9,1731.00,59.33,2903.17,16.39,932.16,5.17,13430.36,"45.86",9015.68,18.60,980.00,,42959.85,405.28,6.39,211.35,"847.89","98.80",,,,,,
2004M10,1830.36,60.67,3009.40,16.39,932.86,6.38,14378.48,"53.17",9043.21,20.08,1066.93,,40463.89,420.46,7.10,218.14,"841.43","100.86",,,,,,
2004M11,1817.34,56.60,3130.31,16.39,966.31,6.19,14089.51,"48.53",9038.65,20.20,1100.20,,31063.64,439.38,7.49,213.70,"854.41","119.13",,,,,,
2004M12,1852.91,55.98,3139.79,16.39,972.33,6.58,13764.98,"43.28",8473.71,20.50,1182.12,,32403.36,442.08,7.10,190.24,"848.24","121.45",,,,,,
2005M1,1836.18,56.83,3168.10,28.11,954.23,6.15,14563.75,"46.99",7705.65,20.54,1245.53,,34645.42,424.03,6.61,185.93,"859.07","121.45",,,,,,
2005M2,1882.78,53.46,3247.10,28.11,972.98,6.14,15415.60,"47.99",8106.33,21.20,1323.08,,33487.84,423.35,7.03,182.03,"864.33","121.45",,,,,,
2005M3,1987.50,54.56,3378.90,28.11,1001.69,6.96,16239.90,"54.09",8442.24,21.84,1373.93,,30406.81,434.32,7.26,197.40,"866.83","121.45",,,,,,
2005M4,1891.99,54.91,3389.81,28.11,980.48,7.18,16138.33,"53.04",8133.81,23.14,1297.79,,32460.45,429.23,7.12,198.81,"864.86","121.45",,,,,,
2005M5,1741.45,54.98,3241.90,28.11,985.29,6.47,17002.25,"49.92",8099.25,28.25,1245.51,,29070.72,421.87,7.02,189.64,"866.23","123.51",,,,,,
2005M6,1731.94,54.64,3529.73,28.11,982.65,7.18,16113.18,"56.31",7604.36,29.00,1273.10,,26714.33,430.66,7.31,186.55,"880.09","129.68",,,,,,
2005M7,1783.26,54.54,3608.48,28.11,857.52,7.62,14587.60,"58.71",7180.93,29.28,1196.83,,25135.32,424.48,7.01,184.40,"873.67","130.20",,,,,,
2005M8,1871.27,50.69,3791.91,28.11,887.42,9.52,14962.00,"64.97",7228.14,29.65,1300.72,,29046.21,437.93,7.04,186.48,"898.43","133.80",,,,,,
2005M9,1837.69,48.32,3850.66,28.11,932.77,12.53,14154.55,"65.66",6770.58,30.43,1396.65,,29206.51,456.05,7.15,188.93,"914.64","139.97",,,,,,
2005M10,1934.14,44.53,4056.17,28.11,999.40,13.63,12431.12,"62.37",6415.48,32.75,1483.20,,25262.83,469.90,7.67,207.69,"931.00","139.97",,,,,,
2005M11,2056.97,40.64,4278.16,28.11,1017.84,10.30,12235.05,"58.31",6173.72,33.56,1610.64,,25066.68,476.67,7.87,245.30,"962.61","139.97",,,,,,
2005M12,2250.90,41.69,4577.03,28.11,1120.15,13.05,13490.45,"59.37",6762.50,35.53,1819.33,,26867.50,510.10,8.64,263.75,"976.59","139.97",,,,,,
2006M1,2383.30,45.64,4743.86,33.45,1258.14,8.69,14660.81,"65.23",7067.36,36.75,2091.75,,25742.30,549.86,9.15,272.75,"1026.05","139.97",,,,,,
2006M2,2453.38,50.92,4974.98,33.45,1267.44,7.53,14974.50,"61.54",7788.86,37.69,2219.73,,23816.45,555.00,9.53,289.08,"1041.50","139.97",,,,,,
2006M3,2432.48,53.21,5123.67,33.45,1193.89,6.88,14925.48,"62.90",7949.02,39.77,2427.65,,25487.89,557.09,10.38,310.17,"1041.09","142.71",,,,,,
2006M4,2623.86,56.47,6404.44,33.45,1170.56,7.17,18028.89,"69.67",8859.65,41.10,3068.34,,28037.83,610.65,12.61,351.90,"1098.75","148.21",,,,,,
2006M5,2852.07,56.72,8059.19,33.45,1167.50,6.24,21131.33,"70.96",8793.17,42.28,3544.64,,28344.52,675.39,13.45,368.26,"1260.83","148.21",,,,,,
2006M6,2490.95,54.91,7222.77,33.45,963.61,6.20,20585.91,"70.96",7858.77,44.17,3197.59,,26557.02,596.15,10.80,316.07,"1188.55","141.62",,,,,,
2006M7,2511.83,56.95,7726.74,33.45,1053.26,6.17,26185.71,"74.36",8356.44,46.50,3320.74,,26079.91,633.71,11.23,317.82,"1228.83","143.06",,,,,,
2006M8,2461.55,55.63,7690.25,33.45,1179.32,7.13,30468.86,"73.05",8436.68,47.44,3339.97,,31604.26,632.59,12.18,330.04,"1233.52","144.09",,,,,,
2006M9,2484.38,51.89,7622.64,33.45,1346.53,4.90,29702.62,"64.12",8975.02,52.44,3394.06,,35804.25,598.19,11.68,322.98,"1183.60","144.09",,,,,,
2006M10,2657.15,47.69,7497.41,33.45,1525.66,5.84,32551.14,"58.88",9809.50,56.06,3829.60,,34671.08,585.78,11.56,312.89,"1082.45","144.09",,,,,,
2006M11,2702.14,48.21,7029.30,33.45,1626.02,7.41,31891.59,"59.29",10038.41,61.44,4378.61,,35271.36,627.83,12.93,324.25,"1183.00","144.09",,,,,,
2006M12,2823.67,54.51,6680.97,33.45,1709.16,6.73,34400.53,"62.03",11125.95,66.57,4381.45,,52650.76,629.79,13.36,325.95,"1121.19","144.09",,,,,,
2007M1,2799.06,55.76,5689.34,36.63,1664.34,6.59,36821.59,"54.78",11331.45,72.00,3784.86,,47696.25,631.17,12.84,336.48,"1146.65","144.09",,,,,,
2007M2,2839.05,56.01,5718.15,36.63,1775.08,8.00,41078.25,"59.27",12890.20,76.25,3321.38,,48680.27,664.75,13.91,341.81,"1204.55","144.09",,,,,,
2007M3,2757.08,56.92,6465.30,36.63,1908.98,7.11,46125.23,"60.56",13787.25,89.44,3256.18,,55929.12,654.90,13.18,350.06,"1218.77","145.64",,,,,,
2007M4,2817.05,58.05,7753.34,36.63,1984.16,7.60,49956.58,"63.97",13952.84,110.43,3566.86,,57833.44,679.37,13.74,366.86,"1275.81","146.15",,,,,,
2007M5,2804.60,58.46,7677.95,36.63,2106.00,7.64,51783.33,"63.51",14162.14,119.11,3847.52,,54685.37,666.86,13.15,367.46,"1300.65","148.21",,,,,,
2007M6,2681.31,63.15,7514.24,36.63,2436.64,7.35,41551.67,"67.48",14078.83,136.22,3628.65,,52152.01,655.49,13.14,368.67,"1286.24","162.10",,,,,,
2007M7,2738.09,72.79,7980.93,36.63,3072.43,6.22,33400.23,"74.05",14732.73,131.50,3546.30,,49984.32,665.30,12.91,366.20,"1303.02","167.25",,,,,,
2007M8,2512.60,74.83,7500.20,36.63,3115.19,6.23,27649.64,"72.39",15046.98,109.60,3244.17,,46381.59,665.41,12.36,342.10,"1263.61","174.97",,,,,,
2007M9,2394.96,73.55,7671.35,36.63,3228.03,6.07,29548.40,"79.63",14989.05,85.00,2887.60,,52218.59,712.65,12.83,334.59,"1307.65","174.97",,,,,,
2007M10,2444.53,79.51,8020.59,36.63,3722.61,6.74,31156.00,"85.93",16068.35,77.50,2979.99,,54467.58,754.60,13.67,365.63,"1410.70","181.14",,,,,,
2007M11,2507.15,93.12,6957.43,36.63,3319.91,7.11,30505.64,"94.77",16660.77,92.00,2554.60,,59468.67,806.25,14.70,362.70,"1448.73","191.43",,,,,,
2007M12,2382.83,98.91,6630.74,36.63,2616.08,7.13,26053.56,"91.77",16244.72,91.80,2378.60,,72600.81,803.20,14.30,351.81,"1492.90","197.61",,,,,,
2008M1,2456.13,98.49,7078.91,60.80,2621.78,7.98,27774.77,"92.98",16310.93,87.56,2364.41,,83037.81,889.60,15.96,373.80,"1583.30","224.78",,,,,,
2008M2,2784.89,141.89,7941.14,60.80,3089.61,8.55,28064.95,"95.36",17269.81,76.00,2458.48,,91011.23,922.30,17.57,468.88,"1999.67","317.00",,,,,,
2008M3,3012.05,137.76,8434.32,60.80,3012.93,9.41,31093.05,"105.50",19799.08,73.71,2511.18,,95022.92,968.43,19.51,483.14,"2025.19","366.40",,,,,,
2008M4,2968.03,131.74,8714.18,60.80,2834.88,10.18,28776.82,"112.34",21646.02,69.44,2278.51,,92483.82,909.70,17.50,445.86,"1988.41","393.27",,,,,,
2008M5,2908.28,143.08,8356.13,60.80,2216.09,11.27,25656.50,"125.67",23853.60,61.67,2178.33,,88923.57,888.66,17.05,434.93,"2052.45","426.75",,,,,,
2008M6,2967.87,166.99,8292.00,60.80,1860.51,12.68,22562.57,"133.93",22133.43,59.00,1906.17,,84657.57,889.49,16.97,449.57,"2039.24","442.56",,,,,,
2008M7,3067.46,195.19,8407.02,60.80,1960.04,11.08,20106.96,"133.96",22955.63,61.84,1856.45,,74009.38,939.77,18.03,426.30,"1904.43","461.09",,,,,,
2008M8,2762.56,173.30,7633.80,60.80,1902.85,8.25,19111.80,"116.70",19935.00,64.50,1734.65,,50482.28,839.03,14.69,314.24,"1485.55","526.96",,,,,,
2008M9,2524.15,164.50,6975.11,60.80,1872.31,7.62,17781.86,"104.44",18306.59,63.00,1744.52,,58288.82,829.93,12.37,247.91,"1223.18","580.48",,,,,,
2008M10,2122.03,119.37,4894.89,60.80,1494.26,6.74,12144.87,"76.28",14423.35,48.60,1303.00,,62763.44,806.62,10.44,190.74,"912.57","627.82",,,,,,
2008M11,1857.13,101.38,3729.19,60.80,1286.43,6.70,10776.50,"56.97",13674.15,50.50,1169.36,,41394.17,760.86,9.87,207.43,"840.30","629.88",,,,,,
2008M12,1504.42,82.61,3105.10,69.98,968.17,5.84,9846.93,"40.64",11292.14,54.33,1112.90,,27996.06,816.09,10.29,175.63,"839.70","636.05",,,,,,
2009M1,1420.36,85.56,3260.36,72.51,1144.90,5.23,11562.95,"41.63",11563.33,51.44,1202.52,,30717.55,858.69,11.29,187.45,"947.41","702.44",,,,,,
2009M2,1338.06,80.82,3328.41,75.59,1099.63,4.51,10410.75,"39.08",11074.78,47.00,1118.00,,30601.63,943.16,13.41,205.70,"1033.25","718.39",,,,,,
2009M3,1338.08,65.45,3770.88,64.07,1246.52,3.96,9710.73,"47.98",10689.41,43.38,1223.22,,26494.92,924.27,13.12,202.34,"1081.77","716.33",,,,,,
2009M4,1431.81,66.27,4436.93,59.78,1393.91,3.49,11331.60,"49.91",11830.20,41.72,1388.14,,29165.11,890.20,12.51,226.73,"1165.45","613.41",,,,,,
2009M5,1466.67,67.02,4591.46,62.69,1446.68,3.83,12720.08,"59.26",13814.89,48.56,1492.52,,29794.95,928.64,14.03,229.14,"1128.67","590.77",,,,,,
2009M6,1579.63,75.81,5015.43,71.66,1667.11,3.80,14944.36,"69.67",15005.25,51.50,1556.77,,27447.08,945.67,14.65,245.48,"1217.86","590.77",,,,,,
2009M7,1670.56,77.62,5228.41,83.95,1673.98,3.38,16017.39,"64.21",13923.43,49.70,1580.86,,31916.30,934.23,13.36,248.63,"1162.26","539.72",,,,,,
2009M8,1927.64,77.88,6176.88,97.67,1893.04,3.14,19375.93,"71.06",14761.65,47.19,1818.01,,35064.37,949.38,14.35,276.60,"1244.57","356.11",,,,,,
2009M9,1835.60,73.15,6195.75,80.71,2205.48,2.99,17404.64,"69.40",14936.23,44.28,1879.15,,35726.74,996.59,16.39,293.32,"1288.70","356.11",,,,,,
2009M10,1875.66,75.70,6305.99,86.79,2227.69,4.00,18489.48,"75.82",15037.41,46.11,2070.84,,32312.21,1043.16,17.24,322.07,"1332.77","358.17",,,,,,
2009M11,1956.55,82.27,6682.44,99.26,2303.44,3.68,16911.33,"77.97",14966.14,44.75,2196.55,,37960.59,1127.04,17.82,351.81,"1400.62","358.17",,,,,,
2009M12,2181.26,86.36,6976.98,105.25,2326.26,5.34,17121.62,"74.63",15588.69,44.44,2374.04,,37856.05,1134.72,17.67,370.96,"1437.48","328.52",,,,,,
2010M1,2230.11,100.14,7367.38,125.91,2352.15,5.82,18405.55,"78.42",17710.20,43.83,2414.66,,40702.42,1117.96,17.79,432.14,"1557.90","291.79",,,,,,
2010M2,2053.27,98.16,6867.68,127.62,2125.78,5.32,19060.55,"76.31",16352.30,42.10,2158.80,,41508.01,1095.41,15.87,425.75,"1520.35","275.83",,,,,,
2010M3,2210.53,100.10,7466.93,139.77,2162.68,4.29,22467.17,"81.24",17509.13,40.91,2277.26,,37414.14,1113.34,17.11,461.46,"1599.43","257.30",,,,,,
2010M4,2314.28,104.96,7729.84,172.47,2272.15,4.03,26028.50,"84.50",18634.60,41.33,2367.50,,42039.98,1148.69,18.10,529.41,"1710.50","258.85",,,,,,
2010M5,2044.71,107.94,6843.16,161.35,1876.79,4.14,21930.00,"73.84",17565.03,41.30,1969.79,36637.50,40474.35,1205.43,18.42,490.76,"1624.86","259.36",,,,,,
2010M6,1929.41,104.48,6501.50,143.63,1707.28,4.80,19411.30,"75.35",17257.73,40.78,1746.51,32144.50,38947.73,1232.92,18.45,462.14,"1553.23","262.65",,,,,,
2010M7,1989.05,102.86,6750.57,126.36,1843.97,4.63,19548.52,"76.18",18206.52,41.94,1847.03,31220.45,38062.50,1192.97,17.96,455.80,"1525.59","263.48",,,,,,
2010M8,2110.44,96.85,7302.67,145.34,2082.80,4.31,21448.79,"76.62",20733.07,46.06,2047.48,33895.48,38464.76,1215.81,18.36,488.61,"1540.59","284.06",,,,,,
2010M9,2171.24,100.12,7729.59,140.63,2192.85,3.89,22690.14,"75.27",22694.36,46.67,2150.94,33943.18,41186.36,1270.98,20.55,538.36,"1591.75","277.89",,,,,,
2010M10,2342.18,103.21,8289.76,148.48,2383.55,3.43,23793.68,"81.90",26237.10,48.83,2373.56,32882.14,38897.62,1342.02,23.39,591.57,"1688.69","275.83",,,,,,
2010M11,2324.05,112.58,8458.42,160.55,2364.98,3.71,22836.23,"84.15",25403.09,57.16,2283.30,33562.73,37104.77,1369.89,26.54,683.59,"1692.77","280.46",,,,,,
2010M12,2356.67,123.79,9152.86,168.53,2413.20,4.25,24099.57,"89.37",26103.86,60.63,2287.32,34754.05,37616.67,1390.55,29.35,755.09,"1711.39","291.47",,,,,,
2011M1,2439.70,140.99,9533.20,179.63,2583.98,4.49,25621.23,"89.52",27439.35,63.88,2375.81,37058.50,39212.50,1356.40,28.40,793.29,"1785.43","302.59",,,,,,
2011M2,2515.26,134.62,9880.94,187.18,2595.58,4.09,28412.18,"89.41",31619.65,65.00,2473.45,38044.75,39777.75,1372.73,30.78,821.35,"1825.90","308.76",,,,,,
2011M3,2555.50,135.97,9503.36,169.36,2624.02,3.97,26710.35,"102.94",30590.93,63.50,2341.48,36733.91,38264.13,1424.01,35.81,762.00,"1770.17","312.88",,,,,,
2011M4,2667.42,131.53,9482.75,179.26,2719.35,4.24,26332.17,"110.15",32347.69,57.82,2371.48,37226.39,37023.61,1473.81,41.97,770.21,"1797.90","340.67",,,,,,
2011M5,2587.21,127.96,8931.68,177.10,2419.64,4.31,24164.55,"101.30",28571.40,56.06,2159.60,36715.00,38157.50,1510.44,36.75,738.95,"1786.55","344.44",,,,,,
2011M6,2557.76,128.36,9066.85,170.88,2524.99,4.54,22420.93,"96.29",25519.68,55.40,2234.47,34995.45,36019.32,1528.66,35.79,770.25,"1768.50","358.99",,,,,,
2011M7,2525.43,128.99,9650.46,172.98,2681.02,4.42,23847.95,"97.08",27398.10,52.79,2397.75,32240.48,35113.10,1572.81,37.92,788.74,"1759.76","379.78",,,,,,
2011M8,2380.98,127.46,8997.99,177.45,2393.06,4.05,21864.68,"86.33",24056.73,50.68,2199.24,32592.73,35931.36,1755.81,40.30,762.98,"1804.70","397.28",,,,,,
2011M9,2293.46,130.56,8300.14,177.23,2287.67,3.89,20377.59,"85.65",22526.60,51.98,2075.22,31636.36,34529.55,1771.85,38.15,708.95,"1748.11","386.98",,,,,,
2011M10,2180.65,127.91,7394.19,150.43,1960.38,3.56,19039.05,"86.41",21868.64,52.34,1871.42,28857.14,30607.19,1665.21,31.97,616.45,"1535.19","386.98",,,,,,
2011M11,2079.98,122.75,7581.02,135.54,1994.22,3.26,17873.00,"97.11",21291.70,53.19,1935.32,29768.18,28690.91,1738.98,33.08,628.23,"1596.98","390.28",,,,,,
2011M12,2024.38,118.18,7558.88,136.45,2024.56,3.16,18246.04,"98.57",19386.91,52.18,1911.15,29425.00,30808.75,1652.31,30.41,640.84,"1454.59","391.10",,,,,,
2012M1,2151.33,123.09,8061.92,140.35,2100.21,2.68,19908.62,"100.10",21547.70,52.31,1989.23,30537.62,33006.67,1656.12,30.77,657.82,"1499.32","392.13",,,,,,
2012M2,2207.92,124.97,8441.49,140.40,2121.26,2.50,20393.67,"102.30",24293.31,52.06,2057.79,31909.52,31772.62,1742.62,34.14,703.05,"1657.76","397.69",,,,,,
2012M3,2184.16,114.15,8470.78,144.66,2056.69,2.16,18660.81,"106.19",22985.43,51.29,2035.93,31250.00,31142.73,1673.77,32.95,684.36,"1655.41","395.22",,,,,,
2012M4,2048.51,110.35,8285.53,147.65,2073.64,1.95,17892.82,"103.33",22114.53,51.30,2002.68,31098.58,30795.66,1650.07,31.55,653.62,"1585.81","385.95",,,,,,
2012M5,2002.52,103.82,7896.91,136.27,1999.25,2.43,16968.32,"94.53",20295.34,51.89,1928.01,30106.82,30516.82,1585.50,28.67,620.00,"1470.70","376.69",,,,,,
2012M6,1885.51,92.75,7428.29,134.62,1850.96,2.46,16603.68,"82.40",19255.39,50.83,1855.93,28941.68,28831.91,1596.70,28.05,612.52,"1443.86","376.69","11935.34","63643.22","3038.10","10842.92","2125.00","12125.41"
2012M7,1876.25,91.36,7584.26,127.94,1881.48,2.95,16128.41,"87.92",18546.09,50.36,1847.75,27075.68,28394.08,1593.91,27.43,579.55,"1425.82","380.81","10969.81","63568.83","2954.55","10160.19","2125.00","12125.41"
2012M8,1843.33,93.46,7510.43,107.80,1897.77,2.84,15703.99,"94.12",18675.56,49.25,1816.32,25379.86,29050.36,1626.03,28.70,601.98,"1453.26","384.93","10248.04","63682.98","2644.35","7154.51","2125.00","12125.41"
2012M9,2064.12,93.18,8087.74,99.47,2177.68,2.85,17287.96,"94.70",20771.26,47.73,2009.85,23800.00,29221.25,1744.45,33.61,657.85,"1623.65","382.25","10132.46","64069.57","2603.13","7197.94","2125.00","12046.04"
2012M10,1974.30,86.89,8062.03,113.95,2141.97,3.32,17168.74,"89.60",21233.70,44.61,1903.96,23960.87,26896.74,1747.01,33.19,633.37,"1635.83","362.45","10153.78","64650.80","2668.48","6838.64","2172.83","11736.25"
2012M11,1948.83,87.22,7711.23,120.35,2181.97,3.54,16335.36,"86.72",20713.07,41.50,1912.40,24365.91,23563.41,1721.14,32.77,636.50,"1576.36","349.93","9873.09","64970.67","2553.64","5782.77","2400.00","11637.39"
2012M12,2086.76,96.08,7966.49,128.87,2279.80,3.34,17448.50,"88.26",22880.89,43.67,2040.43,25144.63,23976.00,1688.53,31.96,689.62,"1579.90","349.93","9529.28","64966.89","2530.00","5721.30","2400.00","11574.26"
2013M1,2037.61,96.95,8053.74,150.49,2334.47,3.34,17494.07,"94.73",24598.90,42.75,2031.41,25631.00,25518.09,1670.95,31.11,712.22,"1638.89","325.23","9482.48","65091.61","2525.65","5380.60","2400.00","13730.95"
2013M2,2053.60,100.35,8060.93,154.64,2365.79,3.31,17690.10,"95.31",24211.74,43.41,2128.69,24501.20,25441.33,1627.59,30.33,751.93,"1674.55","319.06","9465.73","64976.63","2535.00","5173.99","2400.00","14881.19"
2013M3,1911.28,97.32,7652.38,139.87,2173.35,3.78,16731.70,"93.20",23302.00,42.28,1929.15,24059.60,25316.98,1592.86,28.80,757.29,"1582.95","321.11","9491.79","65155.51","2403.33","4424.14","2400.00","14707.96"
2013M4,1861.02,93.23,7221.16,137.39,2024.37,4.16,15629.31,"92.07",21589.64,41.41,1855.60,24021.43,26209.45,1485.08,25.20,706.09,"1493.07","322.35","9213.35","65464.67","2331.82","4445.13","2400.00","14470.32"
2013M5,1832.57,93.13,7248.71,124.01,2031.89,4.07,14948.23,"94.77",20781.62,40.61,1831.01,24135.43,27984.38,1413.50,23.01,719.43,"1475.17","323.58","9164.98","65950.20","2338.59","4478.10","2400.00","14330.03"
2013M6,1814.54,89.64,7000.24,114.81,2099.69,3.81,14280.28,"95.77",20267.40,39.94,1839.01,23474.95,30047.54,1342.36,21.11,713.53,"1430.23","323.17","9010.65","66020.67","2296.75","4482.89","2400.00","14330.03"
2013M7,1769.61,82.22,6906.64,127.19,2047.73,3.64,13750.32,"104.43",19563.83,38.02,1837.62,20896.13,29290.04,1286.72,19.71,718.02,"1401.48","323.50","8881.08","66023.44","2223.70","4483.07","2400.00","14330.03"
2013M8,1816.24,82.22,7186.25,137.06,2173.08,3.41,14308.26,"106.44",21638.21,34.99,1896.39,20236.52,26803.43,1347.10,21.84,741.09,"1496.09","323.79","8709.57","66157.09","2150.23","4492.15","2212.50","13062.37"
2013M9,1761.30,83.30,7159.27,134.19,2084.92,3.62,13801.39,"106.40",22735.07,34.45,1846.88,20717.48,28680.43,1348.80,22.56,709.14,"1456.86","320.70","8659.59","66172.35","2210.00","4493.18","2025.00","11794.72"
2013M10,1814.58,85.44,7203.02,132.57,2115.43,3.66,14117.65,"100.56",23101.59,34.85,1884.84,20576.09,27037.96,1316.18,21.92,724.61,"1413.48","295.34","8632.82","66349.80","2224.57","4505.23","2041.30","12235.64"
2013M11,1747.96,88.36,7070.65,136.32,2089.56,3.65,13684.01,"93.85",22826.88,35.59,1866.42,20838.10,26172.48,1275.82,20.76,733.36,"1420.10","275.01","8323.04","66467.29","2280.71","4513.21","2100.00","12345.87"
2013M12,1739.81,89.44,7214.90,135.79,2136.73,4.28,13924.55,"97.89",22762.13,34.59,1974.98,20990.00,26587.78,1225.40,19.61,716.95,"1355.00","273.36","8231.34","66673.82","2290.00","4414.87","2100.00","12345.87"
2014M1,1727.41,87.97,7291.47,128.12,2143.17,4.53,14101.25,"94.96",22063.86,35.21,2036.93,21781.82,28134.57,1244.80,19.91,733.35,"1420.30","265.95","8197.80","66925.97","2292.72","4077.34","2100.00","12345.87"
2014M2,1695.17,83.03,7149.21,121.37,2108.03,5.16,14203.55,"100.71",22820.68,35.55,2034.53,22333.75,31081.85,1300.98,20.83,728.55,"1410.50","254.83","8078.55","66601.20","2295.00","4028.96","2100.00","12345.87"
2014M3,1705.37,79.75,6650.04,111.83,2053.08,4.48,15678.10,"100.57",23024.31,34.70,2007.90,22452.38,30699.43,1336.08,20.74,773.07,"1451.62","254.83","7937.96","65609.67","2252.38","3968.98","2100.00","12345.87"
2014M4,1810.68,78.52,6673.56,114.58,2087.09,4.61,17373.60,"102.18",23405.20,32.74,2027.21,26650.00,29771.85,1299.00,19.71,793.11,"1432.00","236.31","7871.86","62763.45","2137.05","3935.93","2100.00","12345.87"
2014M5,1751.05,78.83,6891.13,100.56,2097.33,4.53,19401.08,"102.00",23271.25,28.54,2058.98,30635.00,29993.23,1287.53,19.36,821.14,"1456.20","236.31","7952.50","62513.27","2114.55","3927.12","2100.00","12345.87"
2014M6,1838.95,77.35,6821.14,92.85,2106.94,4.59,18628.81,"105.23",22762.00,28.23,2128.10,32016.67,30458.60,1279.10,19.78,832.24,"1452.76","236.31","8673.84","62586.79","2137.14","3931.73","2157.14","12345.87"
2014M7,1948.30,74.04,7113.38,96.26,2193.24,4.04,19117.65,"102.95",22424.01,28.40,2310.62,28672.17,31697.20,1310.97,20.92,871.70,"1492.65","236.31","9201.73","62910.21","2190.22","3952.05","2157.39","12058.31"
2014M8,2030.49,74.25,7001.84,94.14,2236.84,3.90,18600.20,"96.32",22231.05,30.83,2326.99,28660.00,32341.56,1295.99,19.80,876.14,"1446.33","236.31","9586.34","63367.34","2227.86","3980.77","2130.00","11904.95"
2014M9,1990.43,71.53,6872.22,84.52,2117.24,3.93,18034.80,"93.27",21090.52,34.37,2294.59,26506.82,32350.74,1238.82,18.49,841.77,"1362.36","236.31","9788.26","63527.23","2327.27","3990.81","2160.23","11904.95"
2014M10,1946.19,68.98,6737.48,81.30,2034.26,3.80,15812.37,"84.41",19830.41,35.75,2276.83,20692.43,31142.42,1222.49,17.19,778.26,"1259.76","239.35","9876.42","63666.21","2365.22","3999.54","2225.00","11809.09"
2014M11,2055.56,67.33,6712.85,74.43,2030.18,4.24,15807.05,"75.71",20033.48,40.60,2253.23,20551.00,30752.14,1176.30,15.97,780.75,"1208.85","251.54","9745.08","63660.26","2301.25","3999.17","2175.00","11794.72"
2014M12,1909.46,67.16,6446.45,68.67,1938.11,3.49,15962.05,"59.14",19829.71,36.95,2175.76,19856.52,30945.21,1202.29,16.24,806.65,"1212.35","251.65","9371.41","62990.89","2201.09","3957.12","2289.13","11794.72"
2015M1,1814.72,64.72,5830.54,69.07,1843.13,2.94,14849.19,"47.56",19454.12,35.90,2113.05,20057.86,30749.48,1251.85,17.10,785.55,"1241.77","251.29","9327.79","62721.33","2171.59","3940.19","2300.00","11794.72"
2015M2,1817.82,70.66,5729.28,63.80,1795.66,2.76,14573.84,"50.86",18233.91,38.19,2097.76,17274.65,29155.38,1227.19,16.84,786.25,"1197.60","251.13","8388.78","62376.58","2118.50","3918.53","2300.00","11331.75"
2015M3,1773.86,68.34,5939.67,58.18,1792.47,2.75,13755.50,"47.78",17421.91,39.32,2028.73,17496.95,27568.78,1178.63,16.22,786.32,"1138.64","251.13","8122.57","62504.85","2047.84","3926.59","2300.00","9570.06"
2015M4,1819.19,61.20,6042.09,52.11,2005.36,2.60,12830.93,"54.38",15900.88,38.84,2212.73,17009.55,28827.28,1197.91,16.32,767.18,"1150.45","252.77","7962.51","62879.05","2102.50","3950.09","2144.55","8818.48"
2015M5,1804.04,65.67,6294.78,60.43,1991.78,2.86,13511.34,"59.39",15803.59,35.69,2281.80,17056.68,30066.58,1199.05,16.80,783.05,"1139.81","252.77","7737.35","62865.93","2102.50","3949.27","2110.00","8818.48"
2015M6,1687.73,63.10,5833.01,61.84,1829.50,2.77,12825.23,"59.83",15064.94,36.05,2082.09,15272.55,30650.39,1181.50,16.10,726.77,"1088.77","252.77","7617.56","65774.04","2102.50","3947.93","2110.00","8818.48"
2015M7,1639.50,64.48,5456.75,52.17,1763.04,2.81,11413.10,"51.20",15071.53,36.28,2000.68,12642.52,31579.87,1130.04,15.07,642.57,"1012.43","251.13","9303.14","66036.93","2102.50","3946.11","2110.00","8818.48"
2015M8,1548.13,63.39,5127.30,57.33,1703.60,2.75,10386.00,"42.91",15163.78,36.10,1807.64,12984.70,29243.95,1117.48,14.94,594.33,"984.10","249.48","9571.19","64690.82","2102.50","3865.67","2110.00","8818.48"
2015M9,1589.60,61.77,5217.25,56.98,1684.25,2.64,9937.55,"45.51",15453.34,37.06,1720.23,12363.82,27714.31,1124.53,14.72,608.50,"965.36","247.01","9578.18","64377.95","2102.50","3846.98","2110.00","8818.48"
2015M10,1516.49,57.33,5216.09,53.66,1720.11,2.38,10316.83,"46.27",15794.61,37.24,1724.34,10424.23,27499.05,1159.25,15.71,691.50,"976.91","247.01","9606.26","66928.63","2081.93","3858.25","2110.00","8818.48"
2015M11,1467.89,55.78,4799.90,47.19,1618.35,2.28,9244.33,"42.59",14745.29,35.96,1583.31,10536.05,24413.70,1085.70,14.51,574.05,"883.52","243.72","9548.01","69058.99","1633.81","3576.51","2104.29","8493.04"
2015M12,1497.20,55.87,4638.83,40.88,1706.58,2.04,8707.79,"37.40",14691.69,35.16,1527.79,11162.86,23951.18,1068.25,14.05,552.22,"859.91","242.89","9373.81","72882.48","1476.30","3486.13","2050.00","5401.32"
2016M1,1481.10,53.43,4471.79,42.20,1646.20,2.23,8507.29,"31.78",13808.08,34.69,1520.36,11597.75,23134.60,1097.37,14.02,502.52,"854.76","238.78","9208.83","72300.74","1559.52","3424.77","2033.33","5905.23"
2016M2,1531.26,53.78,4598.62,46.49,1765.75,1.93,8298.50,"30.38",15610.14,34.01,1709.85,11686.43,22275.88,1199.91,15.07,505.19,"920.24","232.19","9240.02","72545.63","1950.00","3436.37","1937.67","7054.78"
2016M3,1531.01,55.44,4953.80,56.54,1802.19,1.81,8717.25,"37.90",16897.60,30.11,1801.69,11757.29,22982.52,1246.34,15.42,568.22,"967.43","228.07","8661.14","78006.30","1710.87","3457.33","1777.78","6757.64"
2016M4,1571.23,54.66,4872.74,60.97,1732.27,2.01,8878.86,"41.03",17032.71,27.82,1855.37,12220.24,23000.50,1242.26,16.26,574.33,"994.19","221.49","8515.86","81775.71","1675.00","3605.39","1665.00","6928.81"
2016M5,1550.63,54.53,4694.54,55.89,1707.80,2.09,8660.35,"46.84",16706.95,27.95,1869.03,14505.10,23413.63,1259.40,16.89,578.14,"1032.86","217.37","8346.34","103004.94","1661.36","3675.45","1663.91","8818.48"
2016M6,1593.51,56.23,4641.97,52.34,1712.77,2.62,8928.35,"48.79",16966.69,27.35,2026.19,15675.14,23692.73,1276.40,17.18,553.09,"984.14","210.78","8266.54","106175.68","1655.11","3640.31","1630.73","7260.21"
2016M7,1629.05,64.42,4864.90,57.31,1834.79,2.77,10262.86,"44.90",17826.23,25.85,2183.25,15063.95,25085.52,1337.33,19.93,646.05,"1086.48","187.73","7904.35","104821.55","1662.50","3415.54","1607.14","7243.75"
2016M8,1639.28,71.33,4751.67,60.87,1835.52,2.72,10335.99,"44.75",18427.02,25.90,2279.14,15623.09,26296.59,1341.09,19.64,699.57,"1121.74","181.14","7627.65","105275.51","1669.02","3233.46","1650.00","7773.68"
2016M9,1592.36,76.37,4722.20,57.66,1947.64,2.90,10191.78,"45.20",19499.52,24.88,2292.31,15399.00,26625.00,1326.03,19.28,682.59,"1045.95","177.02","7438.72","104905.33","1775.00","3222.09","1537.50","8267.33"
2016M10,1665.90,96.24,4731.26,58.95,2024.49,3.07,10259.74,"49.81",20099.76,21.49,2311.50,14937.38,28205.67,1266.57,17.74,648.52,"959.14","177.85","7282.61","111785.54","1904.76","3195.43","1529.76","8755.49"
2016M11,1737.11,111.43,5450.93,74.14,2180.58,2.88,11128.91,"45.47",21126.09,18.57,2566.20,14852.77,29258.41,1235.98,17.42,697.41,"953.27","177.02","7831.52","116946.24","1893.18","3142.93","1575.00","9058.98"
2016M12,1727.74,93.13,5660.35,79.43,2209.84,3.59,10972.28,"52.05",21204.35,19.22,2664.81,14876.85,31589.38,1151.40,16.38,702.16,"917.50","177.02","8305.08","115548.93","2200.00","3249.81","1575.00","10141.25"
2017M1,1791.24,91.42,5754.56,80.82,2242.62,3.32,9971.46,"52.56",20691.79,22.17,2714.80,14891.81,34720.38,1192.62,16.81,744.82,"968.41","177.02","8338.67","116016.21","2131.82","3262.96","1746.59","10366.72"
2017M2,1860.75,85.97,5940.91,88.95,2311.50,2.90,10643.30,"53.45",19446.48,25.15,2845.55,14899.05,43005.00,1234.36,17.87,775.55,"1007.35","176.20","8365.15","116384.73","2100.00","3273.32","1800.00","11381.35"
2017M3,1901.47,86.33,5824.63,87.20,2280.92,2.99,10204.66,"49.36",19875.20,24.64,2776.88,14899.48,52765.22,1231.09,17.59,776.30,"962.26","176.20","8725.16","115996.79","2156.52","3262.41","1834.78","10639.69"
2017M4,1921.22,90.11,5683.90,70.40,2220.61,3.19,9609.28,"51.17",19910.32,23.25,2614.92,14896.44,55305.56,1265.63,18.06,800.60,"961.40","176.20","8996.96","116089.78","2125.00","3265.02","1820.00","10967.98"
2017M5,1913.02,80.12,5599.56,61.63,2125.11,3.24,9155.12,"48.56",20200.33,21.64,2590.21,16544.81,54941.94,1245.00,16.76,793.26,"931.78","172.08","8901.08","116156.85","2082.61","3317.45","1750.00","12748.45"
2017M6,1885.29,85.67,5719.76,57.86,2132.93,2.99,8931.76,"45.19",19658.84,19.75,2573.40,16594.91,57449.45,1260.26,16.95,864.64,"930.73","172.08","8961.03","117521.68","2002.27","3378.75","1750.00","13227.72"
2017M7,1902.96,90.77,5985.12,66.74,2269.86,2.95,9491.39,"46.58",20223.48,20.36,2787.19,15667.48,58548.90,1236.22,16.14,856.00,"918.38","173.73","9006.42","118117.03","1900.00","3395.86","1750.00","13227.72"
2017M8,2030.01,102.77,6485.63,74.59,2348.47,2.90,10889.98,"48.05",20521.00,20.41,2980.73,15638.32,58465.14,1282.32,16.91,913.00,"972.48","177.85","9143.76","119918.18","1900.00","3447.65","1988.26","16582.58"
2017M9,2096.49,104.78,6577.17,69.24,2374.39,3.01,11215.79,"49.74",20796.62,20.43,3116.86,15635.86,60128.50,1314.98,17.45,934.90,"966.14","177.44","9219.36","121812.67","1876.19","3502.11","2250.00","25353.13"
2017M10,2131.49,103.25,6807.60,61.05,2498.22,2.91,11335.77,"51.57",20376.09,20.23,3264.60,15635.27,59905.86,1279.51,16.94,959.36,"921.00","177.44","9132.64","123644.60","1828.41","3471.91","2240.91","21069.15"
2017M11,2097.44,102.49,6826.55,63.41,2461.43,3.05,11972.00,"56.74",19557.52,22.35,3229.31,15638.32,62118.05,1282.28,17.01,999.80,"934.00","177.44","9136.38","130636.33","1825.00","3473.34","2200.00","20392.73"
2017M12,2080.47,105.97,6833.89,71.74,2509.92,2.77,11495.11,"57.92",19476.37,24.69,3195.95,15637.00,72632.05,1261.26,16.16,1021.81,"906.86","177.44","9177.55","138042.44","1796.19","3488.98","2200.00","20392.73"
2018M1,2209.73,111.93,7065.85,75.78,2584.09,3.15,12864.88,"63.58",20696.91,23.37,3441.52,15635.55,77293.52,1331.67,17.17,1092.78,"987.89","177.44","9405.95","141477.97","1826.52","3575.82","2178.26","22693.21"
2018M2,2181.79,111.48,7006.53,77.65,2581.06,2.66,13595.88,"62.23",21651.55,21.76,3532.90,15630.40,80792.60,1331.52,16.66,1022.45,"988.25","177.44","9572.02","143975.77","2078.75","3638.95","2260.20","27667.98"
2018M3,2069.24,105.73,6799.18,71.32,2390.00,2.70,13392.50,"62.83",21211.94,21.73,3269.18,19504.62,87614.90,1324.66,16.47,986.55,"953.73","177.44","9756.36","143979.28","2234.09","3639.04","2368.18","30714.37"
2018M4,2254.69,99.22,6851.51,66.33,2352.41,2.72,13938.10,"66.31",21291.10,20.85,3188.05,24875.25,90782.50,1334.74,16.61,970.52,"924.10","177.44","10545.21","144462.57","2200.00","3651.25","2300.00","32885.58"
2018M5,2299.67,109.38,6825.27,66.63,2360.93,2.83,14366.49,"69.90",20858.83,21.98,3059.87,24876.24,90250.00,1303.03,16.47,979.09,"904.30","177.44","11828.16","142786.52","2523.91","3608.89","2270.65","33438.33"
2018M6,2237.62,121.52,6965.86,66.86,2436.29,2.94,15105.65,"67.88",20660.52,23.07,3088.57,24882.33,81188.10,1281.57,16.52,985.05,"884.90","177.44","12224.49","144496.69","2357.14","3559.03","2290.48","33914.40"
2018M7,2082.24,125.09,6250.75,67.05,2207.02,2.79,13793.86,"71.07",19729.80,23.42,2656.13,24884.36,70647.73,1238.53,15.71,931.14,"832.11","177.44","11629.24","136532.87","2300.00","3425.11","2214.09","34672.66"
2018M8,2051.51,123.73,6051.05,68.02,2053.53,2.91,13411.35,"67.93",19228.77,26.05,2512.00,24895.32,63302.30,1201.25,15.00,918.61,"804.59","177.44","11242.52","133596.23","2517.39","3358.16","2118.70","45194.71"
2018M9,2026.46,122.23,6050.76,68.80,2022.91,2.90,12510.35,"70.19",18967.13,27.11,2434.68,24892.75,62210.33,1198.47,14.26,1012.95,"803.98","177.44","11256.54","130039.26","2800.00","3355.83","2000.00","45194.71"
2018M10,2029.86,114.76,6219.59,72.02,1987.55,3.21,12314.91,"70.75",19121.48,27.51,2673.67,24883.96,60626.78,1215.39,14.58,1083.74,"829.87","177.44","11271.94","126655.06","2765.22","3321.74","1983.48","47878.60"
2018M11,1938.51,107.55,6195.92,72.30,1937.11,4.11,11239.72,"56.19",19064.86,28.93,2595.69,24884.82,54962.93,1220.95,14.37,1141.20,"846.14","177.44","11141.25","126094.61","2600.00","3314.49","1905.00","60627.05"
2018M12,1920.38,106.14,6075.32,68.90,1972.32,3.90,10835.08,"48.92",19259.58,28.76,2616.29,24886.63,55263.16,1247.92,14.70,1246.86,"790.90","177.44","10989.31","120163.21","2338.10","3340.37","1905.00","60627.05"
2019M1,1853.72,105.40,5939.10,75.20,1997.14,3.11,11523.09,"51.23",20457.75,28.71,2569.70,24881.36,40704.55,1291.75,15.59,1328.35,"806.22","177.44","11085.39","118946.45","2100.00","3387.61","1906.74","60627.05"
2019M2,1862.99,101.36,6300.49,87.59,2062.79,2.68,12685.23,"55.00",21263.95,28.64,2707.19,24883.95,32100.00,1320.07,15.81,1446.63,"817.95","177.44","11430.14","118086.68","2100.00","3414.20","1910.00","60627.05"
2019M3,1871.21,99.67,6439.46,87.07,2046.46,2.80,13026.27,"58.17",21393.40,27.20,2850.60,26627.25,31333.33,1300.90,15.32,1530.71,"842.81","202.14","11472.42","116320.62","2021.43","3426.83","1910.00","47714.28"
2019M4,1845.43,88.76,6438.36,94.50,1938.99,2.60,12772.79,"63.87",20604.30,25.70,2932.65,27557.78,33500.00,1286.45,15.04,1389.82,"886.64","218.60","11369.10","112912.75","1950.00","3424.26","1910.00","33820.88"
2019M5,1781.26,89.56,6017.90,101.76,1815.19,2.59,12016.31,"60.74",19523.90,24.68,2742.81,27433.17,34166.67,1283.95,14.63,1331.43,"831.83","218.60","10467.50","110158.31","1992.39","2888.20","1910.00","25904.28"
2019M6,1755.95,77.63,5882.23,109.55,1899.70,2.33,11943.94,"54.67",19193.20,24.47,2601.23,27326.30,28809.00,1359.04,15.00,1443.85,"808.20","218.60","9330.40","106634.29","1965.75","3579.91","1897.50","25931.84"
2019M7,1796.99,77.85,5941.20,119.59,1975.64,2.30,13546.30,"57.38",17977.85,25.23,2446.51,26642.39,27340.33,1412.98,15.75,1545.39,"843.61","218.60","8515.49","103076.74","1962.61","4216.61","1660.00","24730.09"
2019M8,1740.68,69.74,5709.44,93.50,2044.55,2.17,15748.64,"54.83",16608.99,25.28,2273.01,25919.35,30136.57,1498.80,17.14,1453.73,"858.77","218.60","8212.48","99824.16","1907.27","3360.31","1743.64","16534.65"
2019M9,1753.51,66.96,5759.25,92.26,2071.85,2.51,17656.88,"56.86",16830.62,25.41,2331.56,26235.01,35720.43,1511.31,18.17,1601.10,"943.90","218.60","7953.98","91409.45","1738.10","3301.41","1685.71","16140.97"
2019M10,1725.96,69.19,5757.30,88.59,2184.09,2.34,17046.22,"53.96",16603.39,24.92,2451.65,25990.58,35263.09,1494.80,17.62,1728.26,"897.26","218.60","7779.54","90913.25","1750.00","3201.67","1650.00","15983.49"
2019M11,1774.79,69.73,5859.95,82.90,2021.15,2.63,15171.81,"56.68",16335.48,24.99,2425.48,23636.70,35510.17,1470.02,17.18,1767.76,"901.24","218.60","7700.25","87823.13","1684.52","3100.51","1650.00","15983.49"
2019M12,1771.38,70.46,6077.06,90.98,1900.54,2.28,13829.43,"59.87",17141.05,25.62,2272.54,19951.83,33547.46,1476.04,17.11,1900.59,"925.23","218.60","7630.71","83756.70","1625.00","2992.76","1650.00","15983.49"
2020M1,1773.09,72.11,6031.21,95.22,1923.93,2.03,13506.86,"57.72",17029.18,24.64,2354.31,20373.59,32213.02,1560.67,17.97,2226.65,"986.65","201.73","7656.92","84515.03","1644.57","3033.87","1650.00","15983.49"
2020M2,1688.10,71.05,5687.75,87.63,1872.54,1.85,12715.55,"50.61",16480.30,24.69,2113.24,22454.08,33542.08,1597.10,17.92,2524.70,"961.10","210.71","7573.24","84090.14","1958.75","3000.72","1695.00","15983.49"
2020M3,1610.89,70.20,5182.63,88.66,1734.44,1.73,11846.23,"29.32",15290.91,24.66,1903.63,24030.39,31119.05,1591.93,14.92,2108.91,"759.00","210.09","7335.54","84763.64","2275.00","2991.66","1750.00","15432.34"
2020M4,1459.93,64.62,5057.97,83.75,1657.55,1.76,11804.01,"16.97",14952.80,29.96,1903.37,20578.15,29565.00,1682.93,15.03,2081.59,"752.55","207.86","6768.36","80179.88","1680.00","2968.21","1750.00","15432.34"
2020M5,1466.37,54.15,5239.83,91.33,1626.34,1.81,12179.61,"28.78",15401.92,33.51,1975.32,18424.35,29562.59,1716.38,16.23,1898.24,"793.71","201.91","6615.88","76716.07","1680.00","2956.03","1750.00","15432.34"
2020M6,1568.57,55.00,5754.60,103.34,1744.84,1.70,12727.15,"38.31",16837.84,33.09,2025.71,18538.87,29074.34,1732.22,17.72,1920.55,"820.77","206.07","6633.59","72682.34","1662.27","2963.95","1750.00","15432.34"
2020M7,1643.81,51.67,6372.46,108.02,1817.93,1.76,13402.30,"40.72",17469.92,32.36,2177.20,18188.14,28517.02,1843.31,20.41,2040.39,"862.17","201.50","6703.31","67930.89","1623.91","2996.65","1750.00","14569.66"
2020M8,1738.56,51.38,6508.39,120.07,1936.27,2.34,14575.78,"42.37",17660.36,31.38,2413.91,17164.56,32914.88,1968.03,26.91,2170.05,"940.24","199.79","6590.35","68554.16","1571.67","3066.90","1750.00","12125.41"
2020M9,1743.77,52.01,6704.90,123.00,1872.91,2.28,14857.49,"39.60",17951.26,29.98,2442.46,17623.95,33482.10,1922.21,25.89,2299.64,"907.18","187.83","6680.14","69236.41","1612.84","3083.05","1750.00","12125.41"
2020M10,1806.10,58.07,6713.81,119.25,1776.27,2.83,15239.36,"39.41",18176.59,29.64,2440.65,18313.40,33227.88,1900.27,24.25,2345.18,"876.27","183.30","6758.06","69367.46","1665.45","3081.97","1691.50","12125.41"
2020M11,1935.28,62.95,7068.91,123.52,1915.62,2.87,15807.73,"41.39",18522.48,29.49,2671.60,19505.66,32238.88,1863.49,24.04,2353.24,"913.76","172.05","6889.47","70408.87","1589.17","3241.48","1673.86","12125.41"
2020M12,2014.67,80.59,7772.24,153.07,2020.47,2.58,16823.04,"47.07",19731.96,29.77,2779.85,20657.31,31882.29,1855.96,24.89,2342.96,"1025.52","171.40","6955.56","71683.14","1600.00","3477.78","1720.00","12125.41"
2021M1,2003.98,91.00,7972.15,166.74,2014.73,2.65,17863.18,"51.85",21920.24,29.86,2705.35,21950.69,37883.78,1866.99,25.90,2376.38,"1089.86","193.28","7028.14","76313.43","2126.19","3514.07","1720.00","12125.41"
2021M2,2078.59,92.49,8470.94,162.33,2080.11,2.92,18584.38,"59.23",26315.75,28.66,2744.50,23214.68,47516.45,1808.18,27.35,2345.95,"1206.70","199.77","7050.14","79876.06","2635.00","3652.87","1739.00","12125.41"
2021M3,2190.48,95.23,8988.25,166.74,1948.00,2.62,16406.66,"62.18",27061.00,28.33,2791.94,25477.77,52414.67,1718.23,25.61,2480.26,"1181.00","189.89","7317.11","85196.12","2811.96","4762.80","2080.43","14983.75"
2021M4,2319.39,97.85,9324.82,178.25,2011.92,2.68,16521.25,"61.42",28328.43,29.75,2829.01,25132.70,49020.70,1761.68,25.64,2769.86,"1208.14","192.60","7897.03","89693.15","2862.50","4752.97","2012.50","17229.11"
2021M5,2434.78,104.21,10166.29,202.86,2182.53,2.96,17602.10,"65.16",32283.90,30.26,2969.62,26345.24,44214.85,1855.56,27.47,2873.10,"1212.10","184.15","8557.86","94471.27","2985.71","4657.84","2039.29","17715.70"
2021M6,2446.65,132.15,9631.50,215.82,2191.03,3.27,17979.57,"71.38",32502.55,32.14,2951.85,38693.13,44149.36,1834.57,26.98,2721.23,"1124.00","214.38","9107.27","96521.51","3336.36","4514.72","2150.00","18873.55"
2021M7,2497.64,153.20,9450.82,214.34,2337.51,3.81,18818.51,"72.59",34020.18,32.34,2947.52,43364.93,51649.02,1807.09,25.75,2733.64,"1087.05","227.83","9001.03","95767.61","3537.50","5688.07","2237.50","19808.51"
2021M8,2602.99,173.57,9370.14,162.09,2414.47,4.03,19141.30,"67.87",35024.00,32.15,2987.95,41594.21,51640.50,1783.97,24.02,2539.09,"1007.50","230.09","9204.22","103970.14","3885.00","7703.55","2325.00","20172.27"
2021M9,2834.56,188.12,9324.71,113.72,2248.30,5.10,19376.88,"71.53",34887.30,45.08,3036.02,43467.14,51797.91,1777.25,23.31,2112.18,"975.18","255.60","9916.55","122714.90","4975.23","7484.71","2273.86","20172.27"
2021M10,2934.39,240.73,9829.22,114.48,2344.83,5.57,19362.39,"81.36",37722.92,38.48,3359.91,43900.34,54779.29,1776.85,23.30,2008.86,"1017.10","241.57","11060.61","142293.44","5828.57","7911.97","2250.00","20172.27"
2021M11,2636.45,177.80,9728.90,90.13,2329.98,5.12,19932.86,"79.10",39158.69,31.10,3311.27,43476.16,60412.50,1820.23,24.20,2006.77,"1035.77","248.38","11888.26","163563.75","6209.09","9971.14","4795.45","20172.27"
2021M12,2695.53,181.47,9551.18,110.46,2301.69,3.86,20015.55,"71.80",39422.52,36.13,3399.21,42108.29,69347.19,1786.65,22.47,1810.52,"945.26","264.39","11131.45","184429.31","7450.00","10824.30","5750.00","20172.27"
2022M1,3005.98,231.76,9782.34,133.05,2331.85,4.23,22355.40,"83.28",41791.70,36.87,3599.14,42297.26,70527.05,1816.76,23.13,2030.86,"993.76","489.95","10559.25","266260.85","7507.14","11440.15","5178.57","19668.36"
2022M2,3245.79,272.49,9943.18,139.70,2296.86,4.48,24015.55,"91.61",43983.35,35.83,3620.04,42350.80,71573.60,1856.30,23.47,2350.10,"1049.40","495.34","10480.12","341140.05","7400.00","13255.96","4750.00","19290.42"
2022M3,3498.37,353.44,10230.89,147.35,2344.84,4.97,33924.18,"108.40",43949.67,45.51,3962.21,42422.69,80457.43,1947.83,25.24,2582.78,"1043.26","536.59","11617.70","473185.88","6577.17","13245.28","3750.00","24562.34"
2022M4,3246.99,334.72,10174.35,146.67,2386.11,6.74,33133.81,"101.99",43022.24,48.70,4371.34,42538.72,81790.38,1933.90,24.65,2330.67,"963.71","561.99","11874.49","490008.18","6300.00","10928.50","3500.00","24801.97"
2022M5,2839.51,418.49,9395.03,131.09,2147.78,8.16,28228.89,"109.71",35992.33,40.89,3769.65,42328.75,77721.36,1849.83,21.97,2060.05,"958.27","615.70","11790.13","453228.86","6300.00","11004.92","3500.00","24801.97"
2022M6,2575.67,427.42,9067.55,131.05,2075.16,7.57,25877.07,"114.68",31890.19,40.33,3652.89,39859.58,72057.73,1837.06,21.50,1913.05,"954.09","602.22","11555.39","443656.20","5059.09","11480.42","3500.00","24801.97"
2022M7,2408.42,433.63,7544.81,109.05,1985.20,7.11,21481.89,"101.92",25395.77,38.94,3105.36,39859.58,55713.24,1737.38,19.08,1973.10,"870.00","570.77","11141.38","441052.34","2887.50","10294.23","3500.00","24801.98"
2022M8,2433.92,447.45,7990.81,109.07,2068.84,8.78,22034.89,"93.69",24660.15,39.80,3590.13,33364.57,49308.83,1764.13,19.73,2135.52,"908.96","560.31","10775.61","435305.33","2447.28","8482.22","3358.70","24801.97"
2022M9,2224.76,467.78,7746.01,100.84,1870.10,7.83,22773.97,"84.40",21124.04,40.95,3124.97,33069.34,51515.41,1683.21,18.84,2113.95,"878.95","501.76","10034.03","418813.49","2400.00","7166.63","3175.00","24801.98"
2022M10,2255.54,426.91,7651.08,94.62,1999.86,6.09,22032.89,"87.29",19391.17,41.30,2967.21,33069.34,51509.24,1666.63,19.36,2078.86,"914.67","513.94","9738.23","409005.51","2421.43","7598.76","3175.00","24801.98"
2022M11,2350.72,368.26,8049.86,94.57,2099.99,6.48,25562.70,"84.08",21249.50,40.95,2938.92,37578.79,51504.59,1727.90,21.00,1911.55,"989.00","809.20","9752.48","409954.02","2393.18","7341.23","3175.00","24801.97"
2022M12,2398.21,427.69,8371.09,111.41,2226.11,5.75,28985.92,"76.58",24149.34,39.18,3116.52,41336.67,51497.77,1797.41,23.29,1808.36,"1006.45","777.19","10597.30","421882.45","2325.00","8024.39","3175.00","24801.97"
2023M1,2494.90,404.54,9007.35,122.43,2207.40,3.47,28271.49,"78.25",27999.60,40.06,3295.88,51758.53,48874.36,1896.06,23.76,1734.27,"1052.50","767.49","11040.71","430097.82","2384.09","8611.80","3175.00","24801.97"
2023M2,2416.18,244.21,8936.59,127.08,2093.06,2.44,26727.95,"77.03",26862.90,41.31,3133.84,82452.89,36615.01,1853.41,22.01,1543.90,"958.85","750.83","11088.22","416103.54","2425.00","8404.39","3175.00","23699.66"
2023M3,2296.42,196.00,8856.31,127.98,2115.18,2.41,23288.61,"73.35",23999.96,40.74,2967.46,78424.18,33865.13,1913.65,21.92,1426.00,"970.61","656.37","10929.58","354481.53","2507.17","6853.45","3175.00","23699.66"
2023M4,2338.13,200.68,8809.16,117.13,2144.86,2.20,23770.80,"79.13",25643.88,41.76,2770.36,70834.52,34498.75,1999.67,24.99,1508.00,"1048.10","656.37","10524.23","289990.75","2374.75","5741.06","3175.00","23699.66"
2023M5,2274.01,179.26,8243.16,104.52,2088.27,2.32,22134.78,"71.67",25594.21,43.46,2485.78,56569.66,33139.63,1989.83,24.20,1482.61,"1059.17","656.37","10176.40","224371.32","2350.00","5389.28","3175.00","23699.66"
